previous_percent,internal_percent,assignment_percent,attendance,study_hours,participation,backlogs,past_failures,sleep_hours,tutoring_sessions,performance_category
44.52,57.42,50.81,55.45,5.22,5.91,2,3,6.2,2,Needs Improvement
61.41,65.71,62.54,75.41,11.52,4.14,0,1,6.72,3,Average
35.79,51.25,51.18,60.85,5.45,4.7,3,2,6.46,1,Needs Improvement
79.22,78.4,73.35,88.49,15.23,6.58,0,0,6.6,1,Good
38.95,48.86,55.2,63.11,3.89,5.32,4,2,6.51,2,Needs Improvement
66.31,59.48,59.34,65.9,8.0,6.09,1,0,6.93,0,Average
45.46,36.53,56.7,52.6,7.37,3.61,4,1,5.2,2,Needs Improvement
41.2,44.16,56.31,59.47,3.18,4.94,3,2,6.72,0,Needs Improvement
50.05,63.07,69.24,73.7,10.3,6.6,1,2,6.97,2,Average
23.92,24.29,26.67,53.19,4.65,1.7,8,5,4.42,0,At Risk
23.04,23.61,43.38,50.65,1.69,2.5,4,2,5.61,1,At Risk
88.37,80.74,99.53,96.42,18.87,8.78,0,0,8.83,2,Excellent
45.76,57.63,40.79,57.75,6.83,5.89,2,2,5.88,1,Needs Improvement
79.17,75.47,86.9,81.92,14.14,6.43,1,0,7.71,1,Good
43.68,35.35,55.89,61.69,4.98,3.73,1,3,6.57,1,Needs Improvement
62.56,52.76,66.45,79.96,11.86,6.26,2,2,6.18,3,Average
73.34,75.25,79.21,78.78,14.0,6.8,1,1,6.77,1,Good
50.5,65.79,59.44,73.71,11.92,4.11,2,1,6.69,2,Average
48.55,56.03,55.9,64.59,4.87,5.85,2,1,5.08,2,Needs Improvement
27.56,36.83,29.12,33.76,1.96,1.07,6,3,5.65,0,At Risk
67.52,65.11,66.78,75.0,7.77,4.71,0,1,7.15,3,Average
46.25,35.8,46.34,56.88,4.86,4.62,2,3,5.6,0,Needs Improvement
67.93,58.82,67.75,67.47,11.53,6.44,0,0,6.45,1,Average
55.85,59.19,68.17,71.7,7.39,5.84,1,2,7.91,1,Average
67.99,65.36,56.81,70.72,8.79,4.89,2,1,6.04,3,Average
71.63,66.82,82.4,84.81,15.31,6.88,0,0,6.07,1,Good
74.98,66.46,73.74,84.64,15.21,7.97,0,1,6.18,4,Good
36.51,53.28,55.38,58.06,6.75,5.08,3,2,6.9,1,Needs Improvement
58.28,51.4,60.32,71.44,9.02,5.92,1,0,6.81,2,Average
77.79,66.58,81.87,90.63,13.24,6.0,1,1,6.74,1,Good
31.59,28.96,44.14,27.08,1.07,3.08,3,4,3.41,1,At Risk
46.97,47.51,45.16,50.11,6.72,3.02,1,3,5.01,2,Needs Improvement
57.83,53.8,57.95,67.09,9.78,6.53,1,1,6.31,1,Average
53.42,63.35,67.7,76.31,11.57,6.09,2,0,6.79,1,Average
38.72,20.1,13.25,23.39,4.31,2.81,3,5,4.61,1,At Risk
56.81,52.38,55.28,72.84,11.55,6.05,0,2,6.19,3,Average
77.21,67.1,72.05,84.29,12.18,7.05,1,0,6.76,4,Good
89.91,80.74,92.53,95.08,19.22,9.62,0,0,7.88,5,Excellent
53.03,67.62,59.97,73.59,11.76,5.54,2,0,6.27,3,Average
38.22,44.47,49.91,63.25,5.0,5.28,1,2,5.18,1,Needs Improvement
39.53,16.44,21.02,47.0,4.75,3.47,7,3,3.28,1,At Risk
53.46,36.54,56.64,51.86,3.48,5.22,2,3,5.12,2,Needs Improvement
62.78,62.21,64.06,69.38,10.1,6.4,2,0,6.38,3,Average
50.38,56.96,47.93,65.47,3.15,3.82,4,2,5.46,2,Needs Improvement
61.97,56.82,67.72,67.61,9.85,5.22,0,1,6.57,3,Average
65.83,75.31,78.94,90.66,11.72,7.6,1,0,7.27,3,Good
40.5,40.13,54.73,63.53,7.46,3.26,4,1,5.06,0,Needs Improvement
51.04,65.8,71.1,66.28,9.43,4.21,2,0,6.26,3,Average
40.99,43.48,47.58,51.35,5.14,4.65,3,2,5.27,2,Needs Improvement
16.39,17.96,42.66,50.83,4.46,2.11,4,5,5.5,1,At Risk
55.7,62.94,67.91,78.09,7.18,4.21,2,2,7.84,1,Average
66.22,62.46,64.64,69.07,11.62,6.05,1,2,7.13,0,Average
52.44,51.33,57.94,75.7,11.99,6.43,1,2,6.69,0,Average
15.13,20.06,40.5,50.19,1.23,1.43,8,2,4.26,1,At Risk
58.99,61.4,59.11,74.88,10.58,6.37,0,1,7.98,3,Average
10.37,18.53,26.75,31.92,4.84,1.76,6,2,5.47,1,At Risk
38.45,13.3,10.66,30.98,1.18,3.07,6,5,5.62,0,At Risk
35.04,43.98,58.53,65.7,4.43,5.09,4,1,5.38,0,Needs Improvement
19.44,23.53,11.88,32.57,0.54,1.41,6,5,4.23,1,At Risk
92.56,98.07,94.7,91.71,16.64,8.74,0,0,8.46,2,Excellent
66.57,65.94,81.54,86.17,11.33,7.87,1,0,6.05,4,Good
76.13,74.72,78.51,80.41,12.42,7.24,1,0,6.79,3,Good
35.73,40.99,57.88,60.79,6.27,3.45,4,1,6.78,2,Needs Improvement
56.6,61.67,66.98,73.41,10.87,4.42,1,0,7.08,3,Average
43.31,39.62,55.73,67.53,4.83,4.51,3,1,5.51,1,Needs Improvement
36.55,41.57,45.43,56.39,5.7,3.42,2,2,6.39,2,Needs Improvement
64.35,56.88,60.37,72.95,11.78,4.29,2,2,6.71,3,Average
66.34,56.76,71.01,67.97,9.96,6.49,0,0,7.39,2,Average
51.25,35.5,41.29,68.05,5.22,3.39,3,1,5.09,1,Needs Improvement
41.89,50.07,55.39,53.39,4.75,5.46,4,3,5.29,0,Needs Improvement
65.38,55.03,58.06,66.97,9.88,4.69,0,2,6.54,1,Average
75.88,72.46,73.63,87.2,14.82,6.57,0,0,7.23,1,Good
50.29,46.26,55.27,51.76,6.07,4.9,4,2,6.93,1,Needs Improvement
36.05,25.74,36.03,45.33,1.51,3.87,5,2,4.3,0,At Risk
77.72,80.36,76.19,83.78,13.88,7.03,0,0,6.44,3,Good
42.63,44.58,55.76,63.7,7.83,3.16,3,1,6.24,1,Needs Improvement
71.96,65.34,84.05,88.75,10.05,7.82,0,0,6.45,3,Good
55.79,53.4,66.86,73.58,8.17,6.33,0,1,7.49,3,Average
68.14,66.88,73.32,82.12,13.96,6.15,1,1,7.54,3,Good
61.0,65.04,56.09,77.26,7.57,5.78,2,0,6.13,1,Average
68.39,81.39,75.78,87.04,15.45,6.18,0,0,7.83,2,Good
36.53,26.84,42.03,27.75,0.78,3.47,8,4,4.95,0,At Risk
35.71,24.68,44.85,40.71,4.27,1.84,8,5,5.21,0,At Risk
21.32,28.15,11.38,22.55,4.12,2.76,8,3,4.44,1,At Risk
56.47,62.23,60.64,72.2,9.23,6.32,1,2,6.22,0,Average
24.37,22.05,34.01,37.16,4.59,1.22,3,4,4.82,0,At Risk
56.38,64.31,56.34,79.39,9.29,4.73,2,0,6.6,0,Average
39.81,14.84,19.95,43.13,3.65,2.72,7,3,5.9,1,At Risk
48.71,54.22,44.11,66.57,7.39,5.22,4,3,6.63,0,Needs Improvement
26.01,31.92,43.25,51.22,3.91,2.59,3,2,4.88,0,At Risk
74.8,76.47,82.65,83.98,10.62,7.58,1,1,7.32,4,Good
47.34,55.47,49.06,52.09,3.26,4.61,2,1,5.97,0,Needs Improvement
61.52,59.61,70.45,72.22,8.14,4.27,1,1,6.82,1,Average
44.29,46.74,47.94,60.04,6.31,5.54,2,3,5.28,0,Needs Improvement
37.68,32.93,29.87,23.25,4.11,3.1,3,5,3.93,1,At Risk
89.98,83.99,96.03,98.47,15.24,7.61,0,0,7.5,4,Excellent
56.0,67.8,68.38,68.08,11.15,5.66,2,0,7.63,1,Average
62.0,66.18,62.91,69.31,9.73,4.22,1,2,6.6,3,Average
60.26,66.44,60.18,79.15,9.17,6.95,1,0,7.17,3,Average
43.62,44.74,49.34,64.58,6.37,5.95,1,1,5.81,1,Needs Improvement
60.18,66.86,57.39,76.18,8.19,6.95,0,2,7.77,0,Average
44.22,38.93,55.36,62.09,3.64,3.31,1,2,6.11,0,Needs Improvement
63.46,51.03,64.93,72.54,11.26,4.47,2,0,7.7,0,Average
59.7,54.74,70.07,66.15,7.38,4.06,2,2,6.06,3,Average
64.95,60.82,68.51,77.31,7.91,5.98,1,0,7.45,2,Average
78.79,81.14,71.53,81.47,13.35,6.83,0,1,6.9,4,Good
76.8,70.48,72.08,82.93,12.88,7.14,1,1,7.75,4,Good
44.3,41.49,56.9,56.55,5.77,3.02,2,2,6.13,1,Needs Improvement
54.16,48.79,51.27,50.37,6.6,4.99,3,1,5.43,2,Needs Improvement
41.0,38.62,54.19,64.0,3.87,4.08,2,1,6.97,0,Needs Improvement
65.77,75.9,80.38,87.12,14.6,6.83,0,1,7.78,3,Good
71.62,75.12,85.56,88.52,14.23,6.63,0,1,6.83,4,Good
78.07,70.96,84.48,90.71,15.02,7.15,1,0,6.51,2,Good
63.34,59.93,62.27,65.15,7.38,6.65,0,2,6.07,2,Average
14.25,29.61,26.49,52.13,0.71,3.1,4,2,3.52,0,At Risk
45.09,37.83,54.22,65.84,4.88,4.92,1,3,6.99,2,Needs Improvement
41.45,57.44,54.65,58.74,6.2,4.46,3,1,6.41,2,Needs Improvement
51.83,64.29,57.06,65.93,10.9,4.67,0,1,6.74,0,Average
71.74,71.36,76.95,79.14,11.35,6.64,0,1,7.58,2,Good
77.31,79.29,86.55,91.73,13.2,7.81,0,0,7.29,2,Good
59.32,59.17,67.71,69.43,7.27,6.69,0,1,6.77,1,Average
59.91,66.98,60.74,76.45,9.44,6.17,2,1,6.92,2,Average
48.19,50.95,43.05,61.34,7.04,5.88,2,1,5.63,0,Needs Improvement
37.16,16.77,18.15,23.51,1.99,2.42,8,3,3.02,0,At Risk
26.25,29.08,34.27,20.34,2.01,3.28,6,4,3.31,0,At Risk
77.59,65.04,85.46,78.17,10.28,6.73,0,0,7.86,1,Good
60.96,55.7,63.93,79.93,8.77,4.39,2,1,7.04,3,Average
52.48,56.91,58.16,74.53,10.47,5.94,0,2,6.33,2,Average
66.34,75.24,84.8,85.64,11.93,6.16,1,1,6.89,4,Good
38.15,48.85,56.34,63.22,5.07,3.99,1,2,6.35,1,Needs Improvement
66.19,53.42,55.75,71.54,9.6,6.42,2,2,7.88,1,Average
76.25,79.9,81.12,86.36,10.93,6.36,0,1,6.09,3,Good
50.08,54.24,57.0,72.95,7.48,5.09,2,2,6.44,1,Average
51.02,65.43,68.77,71.06,8.6,4.42,0,2,6.99,2,Average
36.94,41.67,47.68,62.31,4.24,5.6,2,2,6.87,2,Needs Improvement
60.24,51.08,71.32,66.49,10.81,5.88,1,2,6.16,1,Average
67.95,53.24,68.05,65.4,10.64,6.83,0,1,7.6,0,Average
47.68,41.07,49.77,68.11,7.23,3.28,4,2,5.09,1,Needs Improvement
29.56,26.22,10.52,23.26,3.89,1.71,6,5,4.44,1,At Risk
73.76,67.7,75.6,85.1,10.81,7.7,0,0,6.39,2,Good
22.24,16.74,39.45,23.97,4.76,2.94,4,5,5.8,1,At Risk
51.21,48.52,47.01,64.22,6.16,3.5,2,1,6.63,0,Needs Improvement
66.67,73.42,71.5,88.54,14.16,6.81,0,0,6.72,2,Good
65.72,66.94,62.19,78.74,7.26,4.86,1,1,6.21,1,Average
72.33,76.11,80.93,84.08,10.32,6.66,0,1,7.39,3,Good
44.13,56.11,54.09,55.48,7.12,4.52,1,3,5.06,1,Needs Improvement
78.89,70.09,81.94,91.15,10.81,6.23,0,0,6.54,2,Good
51.22,54.72,55.68,65.91,10.95,5.52,2,2,7.0,3,Average
57.55,57.46,57.52,73.82,10.79,6.82,0,2,7.56,2,Average
42.75,54.89,42.32,56.22,3.22,5.54,1,2,5.93,0,Needs Improvement
44.25,41.21,58.51,63.76,4.1,3.97,1,1,6.64,1,Needs Improvement
51.92,54.58,45.7,65.26,4.36,5.72,2,2,5.18,0,Needs Improvement
44.47,37.63,58.96,59.3,4.28,4.11,1,1,6.93,0,Needs Improvement
38.83,47.33,42.8,53.67,5.31,5.62,1,2,6.62,2,Needs Improvement
51.13,59.73,60.23,73.01,11.17,5.35,0,0,6.68,2,Average
61.02,57.29,70.42,66.19,8.72,4.94,2,1,7.42,3,Average
18.8,28.86,40.99,32.66,1.37,1.21,8,3,5.32,0,At Risk
42.02,39.9,54.97,68.4,6.08,4.33,2,1,6.79,0,Needs Improvement
80.97,74.72,79.65,86.98,14.22,6.08,0,1,6.91,1,Good
38.32,42.08,54.98,61.38,4.44,3.37,3,3,5.81,1,Needs Improvement
51.47,61.95,70.58,69.65,10.28,5.99,0,2,7.42,0,Average
50.99,54.6,57.03,68.65,7.97,4.38,1,2,6.34,1,Needs Improvement
52.83,52.06,71.29,73.39,7.51,5.63,2,1,6.54,2,Average
55.49,64.32,58.87,65.35,7.97,4.98,0,1,6.7,3,Average
46.62,52.36,56.2,65.14,6.3,4.36,3,2,6.23,1,Needs Improvement
50.93,50.76,59.37,59.49,3.88,5.01,1,1,6.29,1,Needs Improvement
37.55,42.09,57.98,65.92,7.3,5.7,2,3,5.5,0,Needs Improvement
74.92,71.15,87.95,79.94,12.96,7.51,0,0,7.25,4,Good
65.18,65.14,71.22,83.76,13.15,7.37,1,0,7.45,3,Good
75.98,65.67,82.74,91.87,13.14,7.22,1,1,7.84,4,Good
17.48,35.45,25.98,48.05,3.5,3.96,7,4,5.85,1,At Risk
23.77,17.72,16.52,45.78,4.06,2.7,4,3,4.83,1,At Risk
50.79,40.22,47.44,55.76,7.23,3.45,3,2,6.91,2,Needs Improvement
37.52,24.17,39.09,46.56,2.61,2.85,3,2,3.77,0,At Risk
43.88,41.55,54.97,58.98,5.67,3.93,4,1,5.74,2,Needs Improvement
43.28,47.94,44.43,52.92,4.3,5.8,4,2,5.3,1,Needs Improvement
54.19,67.67,68.41,76.35,11.03,5.32,0,0,7.38,2,Average
71.45,74.4,71.01,78.13,11.03,7.0,1,1,7.13,1,Good
12.9,21.2,44.54,39.52,2.15,1.43,7,5,4.5,0,At Risk
67.55,54.45,71.91,67.99,10.68,4.28,2,0,6.95,2,Average
75.47,77.51,74.43,79.0,14.66,6.65,0,0,7.34,4,Good
61.65,50.8,71.72,75.16,9.0,6.26,1,0,6.02,2,Average
80.76,81.76,85.61,84.86,11.95,6.92,0,1,6.81,1,Good
66.01,59.01,69.75,70.73,8.49,4.16,0,0,7.98,2,Average
36.84,56.59,53.13,66.71,7.75,4.91,1,1,6.71,0,Needs Improvement
59.27,58.98,60.25,65.35,11.73,5.52,0,0,7.17,0,Average
76.8,69.62,81.67,85.45,11.61,6.38,0,0,6.27,1,Good
51.69,57.55,44.87,61.03,4.92,5.77,2,1,5.55,1,Needs Improvement
79.72,69.24,82.81,89.6,14.57,7.35,1,0,7.15,3,Good
67.88,54.21,70.58,73.64,9.89,6.32,1,0,6.6,1,Average
78.59,77.39,86.6,82.74,10.67,6.96,0,0,7.36,1,Good
74.03,72.64,84.75,85.58,12.72,7.55,1,0,7.77,3,Good
80.45,78.09,81.81,85.91,10.95,6.14,0,0,6.64,2,Good
50.64,62.75,64.72,67.85,10.63,4.67,2,2,7.57,2,Average
46.96,53.15,52.95,51.32,3.47,5.04,3,2,6.45,2,Needs Improvement
75.01,67.98,75.52,87.64,10.76,7.46,1,0,6.36,3,Good
31.41,34.12,28.18,25.21,4.52,1.42,7,4,3.49,1,At Risk
68.66,72.68,74.11,82.75,12.72,6.83,0,1,6.85,3,Good
58.62,53.64,64.16,79.0,10.48,4.41,2,2,7.17,1,Average
38.01,46.35,46.84,56.23,7.0,5.99,4,3,6.58,1,Needs Improvement
56.66,52.97,59.14,73.73,7.67,6.37,2,2,6.75,1,Average
38.39,19.13,27.24,23.4,4.49,1.41,6,4,5.01,1,At Risk
67.98,65.65,71.01,86.42,10.12,6.96,1,0,7.61,3,Good
51.44,67.35,69.87,66.99,11.3,4.36,2,1,7.06,1,Average
44.25,53.56,54.47,57.92,7.08,5.24,1,1,5.85,2,Needs Improvement
64.36,61.34,58.17,74.86,8.98,6.21,0,1,7.18,3,Average
70.47,72.08,82.97,81.8,10.47,6.75,0,0,6.45,1,Good
25.93,26.98,37.74,25.95,0.86,3.61,7,3,4.49,0,At Risk
66.69,67.03,70.53,78.47,9.09,4.13,1,2,7.54,0,Average
74.98,81.41,77.45,80.57,10.14,7.46,1,0,6.42,4,Good
65.19,68.56,82.48,82.91,14.72,7.44,0,1,6.88,4,Good
52.0,55.19,60.12,65.72,9.1,6.38,1,0,6.22,3,Average
66.49,67.01,61.56,73.1,8.41,6.73,1,2,7.61,3,Average
71.54,81.65,86.49,88.67,11.64,7.93,1,1,7.61,2,Good
35.51,38.93,45.84,51.64,7.22,3.93,4,2,5.98,2,Needs Improvement
46.24,48.06,47.97,63.81,3.3,5.44,4,3,5.19,2,Needs Improvement
55.62,60.9,62.64,66.98,10.26,5.74,2,0,7.73,2,Average
54.06,47.03,55.66,64.42,3.83,3.38,3,3,6.77,0,Needs Improvement
64.4,63.29,63.04,65.15,9.11,4.4,2,2,7.07,2,Average
36.49,39.66,55.6,61.69,3.78,3.49,4,2,5.81,2,Needs Improvement
67.94,65.21,62.01,74.5,11.13,4.97,0,2,7.09,3,Average
39.47,55.04,48.41,67.74,4.86,4.76,4,1,5.94,2,Needs Improvement
52.66,62.38,70.18,77.91,11.43,6.34,0,0,7.61,3,Average
62.38,53.98,61.36,71.95,10.4,6.07,0,1,8.0,3,Average
49.37,51.89,57.22,69.51,3.65,4.11,1,2,5.48,0,Needs Improvement
68.21,80.0,77.87,81.5,14.29,7.29,1,0,6.53,4,Good
27.78,34.19,34.42,51.99,0.63,3.1,7,3,4.69,0,At Risk
66.22,67.42,55.01,73.4,11.89,4.33,1,0,6.47,3,Average
76.51,72.24,72.09,89.92,15.34,6.02,0,0,6.66,4,Good
17.0,17.94,37.69,40.64,4.12,1.59,3,3,4.94,1,At Risk
50.83,53.7,53.4,66.58,6.69,5.06,1,3,6.34,2,Needs Improvement
46.87,45.4,44.43,62.3,6.64,5.73,3,2,6.29,0,Needs Improvement
67.21,51.25,56.85,77.21,10.86,5.14,1,2,7.32,0,Average
53.26,48.05,54.36,54.25,5.5,5.65,4,1,5.53,0,Needs Improvement
37.95,21.7,18.03,45.82,2.49,1.38,7,3,3.09,1,At Risk
40.75,44.18,54.98,56.84,5.77,3.54,3,2,5.44,2,Needs Improvement
71.29,74.43,74.57,82.29,12.07,7.41,0,0,7.5,4,Good
62.05,53.33,57.39,69.85,8.24,4.78,0,1,7.51,2,Average
39.93,47.84,44.5,69.46,4.49,3.87,2,3,6.41,1,Needs Improvement
31.61,24.65,42.09,38.97,3.39,1.18,3,2,5.84,0,At Risk
44.42,42.63,54.8,54.24,5.73,5.25,4,3,6.46,0,Needs Improvement
71.53,77.58,84.23,87.65,10.47,7.49,1,0,6.2,2,Good
56.9,61.89,67.34,67.51,9.89,6.53,0,2,6.53,0,Average
56.73,52.91,71.21,78.84,11.59,5.8,1,0,6.22,2,Average
16.48,25.58,13.54,28.09,2.23,1.58,8,3,4.71,0,At Risk
64.02,51.37,65.76,72.96,7.97,6.33,1,2,7.92,1,Average
26.1,23.64,33.55,43.53,3.13,3.47,5,2,5.02,1,At Risk
64.95,59.86,70.25,76.15,9.37,4.78,0,2,6.55,3,Average
62.12,59.63,65.9,74.28,10.78,5.76,2,0,6.72,0,Average
66.14,75.1,78.04,87.41,15.23,6.49,0,1,6.88,2,Good
18.13,23.51,18.37,26.11,3.61,2.79,8,5,4.84,0,At Risk
69.32,68.33,72.17,89.93,11.29,7.65,0,1,6.22,4,Good
66.04,51.32,64.95,65.82,9.18,4.65,2,1,6.36,2,Average
70.1,78.77,72.07,89.89,13.89,7.35,0,0,7.03,2,Good
29.0,30.16,14.31,51.21,2.56,2.77,7,3,5.89,0,At Risk
43.28,39.83,44.18,51.16,5.86,5.94,1,2,6.45,2,Needs Improvement
58.82,60.13,63.07,65.25,8.66,4.33,1,2,6.62,0,Average
48.71,38.59,54.57,51.72,6.7,3.73,2,2,5.03,2,Needs Improvement
48.11,57.36,51.57,54.55,3.26,4.44,4,1,6.64,0,Needs Improvement
51.49,59.1,69.47,69.17,7.66,4.84,1,0,7.48,1,Average
49.66,43.57,46.85,52.28,5.0,4.37,4,3,6.7,1,Needs Improvement
81.67,73.14,73.28,79.89,14.3,7.89,0,1,6.4,2,Good
32.52,14.38,19.33,33.73,2.94,1.54,5,5,5.48,0,At Risk
69.65,77.96,86.59,82.91,11.09,6.29,1,0,6.28,1,Good
43.01,48.12,43.89,61.06,3.37,4.51,3,3,6.36,0,Needs Improvement
37.72,22.99,35.36,37.36,2.22,2.28,5,3,5.72,1,At Risk
92.46,89.09,91.36,97.84,16.31,7.68,0,0,7.85,2,Excellent
25.91,21.29,25.88,25.51,1.9,1.97,7,2,5.65,0,At Risk
38.33,41.77,58.38,63.8,7.52,4.39,4,1,6.45,0,Needs Improvement
50.77,42.93,54.66,62.57,6.86,5.21,3,1,5.09,2,Needs Improvement
35.51,10.47,17.25,25.05,4.19,3.46,3,4,3.49,0,At Risk
30.21,34.02,42.15,40.66,3.52,1.94,4,4,3.35,1,At Risk
65.37,74.97,86.51,88.84,15.08,7.72,0,1,7.41,4,Good
77.84,74.29,80.86,88.87,15.79,6.59,0,0,6.37,2,Good
53.71,54.29,49.66,60.17,7.61,3.53,2,3,6.63,0,Needs Improvement
42.23,54.82,43.74,55.26,4.35,5.88,3,2,5.37,1,Needs Improvement
51.51,50.86,51.52,68.15,5.98,3.9,4,1,6.56,1,Needs Improvement
29.81,29.89,41.95,32.61,0.99,1.88,8,5,3.69,1,At Risk
71.97,67.73,79.87,90.74,14.13,6.96,0,0,6.03,1,Good
37.49,43.46,57.79,64.87,7.47,4.16,2,2,6.38,1,Needs Improvement
52.62,62.06,58.4,76.25,7.8,4.86,1,0,7.68,2,Average
67.6,66.42,71.42,90.89,15.85,6.31,1,1,7.17,1,Good
47.19,51.3,59.59,50.03,3.12,4.88,1,3,6.7,2,Needs Improvement
67.34,55.66,57.38,69.15,7.42,5.66,2,2,7.22,0,Average
38.07,45.35,47.42,58.88,3.38,3.41,3,2,5.63,1,Needs Improvement
41.67,44.11,51.38,69.2,7.16,3.58,3,3,5.96,1,Needs Improvement
94.55,97.84,92.25,93.86,19.33,8.32,0,0,7.13,4,Excellent
49.6,47.11,57.19,65.01,4.4,4.55,1,1,5.94,2,Needs Improvement
49.42,50.14,50.78,57.75,5.62,4.49,2,3,5.57,1,Needs Improvement
79.05,80.17,81.03,78.16,15.61,7.01,1,1,7.74,1,Good
46.21,56.43,45.15,50.4,3.61,5.6,2,3,6.15,2,Needs Improvement
70.79,79.03,84.7,89.82,11.99,7.53,1,1,7.43,1,Good
75.15,66.5,73.58,91.54,13.36,7.42,0,0,7.84,3,Good
51.59,54.74,61.3,74.14,10.62,6.79,1,2,7.31,2,Average
38.61,39.93,58.95,59.73,4.13,3.41,1,2,6.69,0,Needs Improvement
25.88,18.24,44.21,20.6,4.16,3.02,4,2,5.75,0,At Risk
19.68,11.53,42.63,41.55,3.48,2.47,7,4,3.22,1,At Risk
66.12,54.64,61.18,67.75,11.59,4.99,1,1,6.98,0,Average
67.45,59.75,57.24,70.2,9.22,5.93,1,0,6.13,1,Average
58.36,61.4,69.63,66.06,11.47,5.0,0,1,6.85,2,Average
50.34,60.39,60.64,78.74,10.98,4.2,0,1,7.68,2,Average
51.12,61.92,57.22,69.38,11.25,6.78,1,2,7.66,2,Average
48.03,42.37,41.65,51.92,7.86,5.32,1,3,5.13,2,Needs Improvement
39.82,38.04,12.42,52.68,0.64,2.23,4,5,4.12,1,At Risk
61.25,61.06,56.59,74.61,9.96,5.74,0,2,7.25,2,Average
22.48,38.85,14.06,52.92,1.14,1.94,6,3,4.56,1,At Risk
40.98,44.08,57.08,50.69,5.86,4.55,2,1,6.9,1,Needs Improvement
69.76,65.75,74.17,89.84,12.48,7.79,1,0,7.16,2,Good
56.87,59.49,71.43,77.25,11.01,4.42,1,0,7.28,2,Average
45.31,40.56,42.87,58.58,6.07,3.72,4,1,6.33,0,Needs Improvement
97.38,89.82,99.77,98.99,15.68,7.67,0,0,8.15,2,Excellent
69.16,80.72,72.09,86.57,10.33,7.33,0,0,6.03,2,Good
60.21,54.16,58.95,75.31,8.8,6.06,1,0,7.0,3,Average
56.24,56.33,65.63,68.54,11.89,5.5,0,2,6.52,3,Average
23.32,23.41,35.44,51.91,3.27,2.3,8,2,3.23,1,At Risk
66.53,73.7,83.02,79.42,11.54,6.46,1,1,6.93,1,Good
53.25,66.17,71.33,65.05,10.83,4.04,1,1,7.09,0,Average
88.99,96.2,94.78,91.86,16.85,7.45,0,0,7.12,2,Excellent
49.56,52.13,50.99,52.44,5.41,3.9,3,1,6.73,0,Needs Improvement
38.46,29.78,43.87,45.76,2.68,2.08,4,5,3.7,1,At Risk
60.3,58.41,71.71,66.95,11.42,4.2,1,2,7.44,3,Average
54.87,64.44,59.34,73.76,9.31,6.03,0,2,7.34,1,Average
26.18,40.0,22.25,42.76,4.02,2.96,3,3,3.6,0,At Risk
36.1,57.93,52.94,57.31,7.27,4.02,4,2,6.3,0,Needs Improvement
45.98,56.34,48.76,63.97,3.61,5.92,2,3,5.32,2,Needs Improvement
75.3,67.33,84.95,79.47,14.31,6.24,0,0,7.0,2,Good
53.03,49.83,41.21,55.52,7.84,5.85,4,1,6.33,2,Needs Improvement
41.38,40.04,57.92,65.57,3.29,5.97,3,3,7.0,0,Needs Improvement
66.46,75.52,84.36,87.98,10.49,6.31,0,1,6.63,1,Good
67.31,58.05,61.75,75.89,11.91,5.79,2,0,7.99,2,Average
61.77,62.47,56.06,66.77,8.53,5.22,2,2,7.54,0,Average
45.55,48.95,59.29,68.58,6.78,5.07,3,2,6.99,2,Needs Improvement
38.56,17.05,20.86,48.23,1.16,1.14,6,2,4.37,0,At Risk
53.62,53.45,57.28,66.21,4.33,5.36,1,2,6.74,1,Needs Improvement
72.08,67.54,76.78,88.56,12.84,7.7,1,0,7.61,1,Good
24.85,36.47,32.9,36.47,2.92,3.54,6,3,5.65,1,At Risk
59.99,55.04,57.58,78.46,10.28,4.26,1,2,7.92,1,Average
69.69,71.79,82.05,83.68,11.2,6.03,0,0,7.1,3,Good
67.6,67.76,70.88,66.98,11.3,5.71,1,2,7.37,3,Average
24.47,35.42,22.25,39.47,1.02,1.84,4,5,5.54,0,At Risk
31.6,24.66,36.54,44.17,3.41,2.47,3,2,3.88,1,At Risk
61.15,54.42,60.02,71.18,9.75,4.18,1,1,6.27,1,Average
77.8,77.94,75.77,90.57,13.02,6.85,0,0,6.75,4,Good
61.23,60.63,55.83,68.31,10.59,4.04,0,2,6.98,0,Average
77.02,65.16,79.1,83.22,13.71,7.33,1,1,6.03,4,Good
42.8,55.51,56.71,60.76,6.67,5.4,2,2,5.44,1,Needs Improvement
38.5,45.63,51.36,68.3,4.0,5.5,3,3,5.98,1,Needs Improvement
61.29,66.06,64.13,70.03,10.92,5.24,2,0,7.67,2,Average
37.28,52.83,56.47,57.34,7.11,3.12,4,3,5.44,1,Needs Improvement
35.08,11.45,14.05,35.55,1.06,1.76,8,3,3.62,0,At Risk
36.92,44.04,50.99,59.82,3.27,3.01,1,2,6.65,2,Needs Improvement
61.87,58.17,62.51,74.02,7.03,6.65,1,2,7.26,1,Average
58.16,65.01,57.77,70.33,10.35,6.11,2,2,6.14,1,Average
56.68,56.87,58.17,65.67,9.2,4.79,1,2,6.12,0,Average
67.98,78.3,74.25,80.53,13.16,6.07,0,0,7.19,2,Good
52.16,58.95,62.32,66.94,9.66,4.69,2,2,7.61,0,Average
54.73,67.55,65.67,72.44,9.55,4.17,2,0,6.74,2,Average
41.23,55.52,50.81,51.01,3.14,5.71,1,1,5.77,0,Needs Improvement
46.56,48.02,49.71,56.87,6.41,3.15,1,3,6.57,1,Needs Improvement
52.41,54.37,58.46,74.7,11.61,6.54,0,2,7.45,1,Average
28.54,30.22,19.52,43.17,2.69,2.33,5,3,5.26,0,At Risk
41.62,41.4,50.14,61.01,4.89,5.45,1,2,5.89,2,Needs Improvement
20.81,12.47,33.26,42.71,0.73,2.88,8,3,4.29,0,At Risk
50.72,57.78,60.48,68.76,7.46,6.89,2,2,7.9,2,Average
67.71,64.09,60.9,71.43,8.85,5.52,1,0,7.7,3,Average
48.28,42.59,46.28,66.96,6.6,3.9,3,3,5.82,1,Needs Improvement
74.37,70.85,85.08,81.62,14.99,6.18,0,1,6.1,2,Good
49.84,48.31,51.4,57.53,4.89,4.76,1,3,5.5,0,Needs Improvement
16.44,18.35,34.63,47.86,3.1,3.4,7,3,4.1,0,At Risk
53.46,52.24,54.54,61.27,3.31,4.42,2,3,5.1,1,Needs Improvement
94.99,98.52,88.55,89.95,18.8,7.53,0,0,7.82,3,Excellent
51.59,41.96,50.5,53.5,4.87,3.11,2,1,5.89,0,Needs Improvement
42.37,57.35,59.96,65.52,6.66,4.64,2,1,5.01,1,Needs Improvement
53.22,56.03,41.34,57.76,4.99,3.98,3,3,5.92,0,Needs Improvement
62.53,51.06,71.02,67.39,9.08,5.77,2,2,6.88,3,Average
35.63,23.26,33.81,45.09,2.7,3.7,6,2,4.36,1,At Risk
56.12,58.7,69.86,69.66,8.64,6.31,0,2,7.35,1,Average
39.9,53.57,48.12,59.07,6.44,3.47,4,2,5.93,1,Needs Improvement
59.34,57.96,59.73,79.95,9.18,6.44,0,1,6.7,2,Average
52.23,52.75,57.8,69.84,10.55,5.04,2,1,7.69,2,Average
82.86,92.15,96.72,88.42,14.4,9.34,0,0,7.73,5,Excellent
41.87,55.39,52.07,65.79,6.19,4.83,2,3,6.94,0,Needs Improvement
58.42,54.53,64.4,79.14,10.4,4.34,2,1,7.54,2,Average
39.14,55.88,47.23,59.39,5.27,3.14,3,1,6.41,2,Needs Improvement
37.36,53.56,53.35,59.17,6.39,5.62,2,3,6.16,0,Needs Improvement
59.26,67.79,66.18,73.14,9.07,4.56,1,2,7.51,3,Average
76.93,79.63,82.81,91.1,13.8,6.4,1,1,7.84,2,Good
54.28,62.04,58.64,66.98,11.68,5.71,1,0,7.57,3,Average
44.09,49.75,50.49,67.79,3.67,4.51,3,1,6.62,1,Needs Improvement
58.39,51.12,69.16,70.84,10.85,6.84,0,2,6.76,0,Average
63.38,66.03,68.97,76.91,7.29,5.85,2,0,7.47,2,Average
24.61,10.19,16.28,23.12,3.43,3.66,6,5,5.08,0,At Risk
52.04,46.3,42.75,53.87,3.16,5.29,1,2,6.9,0,Needs Improvement
44.54,38.05,44.52,63.6,3.05,5.09,1,2,6.39,1,Needs Improvement
51.85,59.06,60.2,65.98,7.23,6.85,1,2,7.04,2,Average
57.44,61.18,64.32,79.61,8.92,5.02,2,2,6.86,3,Average
46.92,48.63,56.72,63.99,6.08,3.94,2,3,6.52,2,Needs Improvement
51.92,57.67,64.95,68.92,9.68,5.69,2,1,7.98,3,Average
31.33,39.05,23.87,21.71,1.84,3.46,4,2,5.86,1,At Risk
34.9,32.54,20.42,54.98,2.52,2.05,3,5,5.6,0,At Risk
81.53,75.79,82.55,89.9,14.77,6.8,1,0,6.99,3,Good
29.77,10.07,22.43,42.18,4.1,2.64,5,2,3.14,0,At Risk
44.84,38.31,55.37,54.37,6.22,5.74,3,1,5.07,0,Needs Improvement
56.82,59.83,56.72,72.19,11.32,5.95,2,0,6.33,0,Average
60.42,61.8,68.38,72.29,10.33,5.59,2,1,6.92,1,Average
21.72,15.36,43.54,22.69,1.24,1.34,4,5,3.45,0,At Risk
58.15,61.09,66.48,73.43,8.12,5.94,1,0,7.02,2,Average
70.9,79.63,83.97,84.4,10.72,7.04,1,0,6.02,2,Good
66.12,65.33,62.8,68.27,8.51,5.56,2,1,7.17,0,Average
52.25,47.14,52.78,61.94,6.06,4.76,3,2,6.69,2,Needs Improvement
64.17,59.46,63.98,70.43,11.59,4.34,2,2,6.4,1,Average
40.2,42.53,49.09,56.75,7.4,3.83,4,2,6.67,1,Needs Improvement
21.49,31.92,13.58,30.97,4.46,1.41,4,3,3.21,0,At Risk
71.99,72.53,86.81,90.52,15.6,6.55,0,0,6.26,1,Good
58.24,52.44,55.12,70.94,11.21,5.14,1,1,6.67,1,Average
67.94,64.83,71.68,65.13,10.34,5.34,2,2,7.84,1,Average
39.53,39.16,38.3,24.42,2.41,3.96,6,3,5.99,0,At Risk
61.44,61.24,69.69,74.41,7.75,4.2,1,2,6.61,2,Average
15.78,13.59,28.76,46.68,1.33,1.65,6,4,5.17,1,At Risk
51.49,60.29,55.84,70.99,7.43,5.51,2,0,7.52,3,Average
62.89,62.62,62.13,71.74,8.39,6.61,0,2,6.85,2,Average
12.15,10.47,35.25,37.03,2.47,3.97,3,3,4.93,1,At Risk
53.73,62.32,65.55,70.04,11.66,5.54,2,1,7.78,0,Average
55.8,54.42,70.89,69.18,9.25,6.25,2,2,7.34,2,Average
60.09,61.48,55.19,68.02,8.41,6.37,1,1,7.01,2,Average
52.41,53.5,49.37,51.51,6.77,3.68,4,3,5.73,1,Needs Improvement
51.49,50.56,67.94,69.38,8.37,5.61,0,1,7.13,3,Average
57.95,62.16,63.69,76.91,11.8,6.21,2,0,6.57,2,Average
44.5,41.18,47.45,56.76,6.97,3.93,4,3,6.37,0,Needs Improvement
32.99,32.37,10.79,46.55,3.37,1.63,4,3,3.86,1,At Risk
61.21,53.38,55.33,65.74,9.67,4.56,0,1,6.54,3,Average
28.73,27.56,34.93,33.33,3.19,1.88,7,5,3.3,0,At Risk
59.15,64.15,68.61,74.21,10.42,4.16,1,2,6.01,0,Average
17.06,23.34,30.29,34.67,3.86,3.7,4,2,3.98,0,At Risk
46.63,45.88,50.62,58.51,6.73,3.99,4,2,5.61,0,Needs Improvement
69.38,71.51,84.2,81.09,14.21,7.6,1,1,7.03,1,Good
39.23,23.29,38.9,29.43,2.38,2.94,4,5,3.63,1,At Risk
67.89,59.79,55.33,70.74,10.57,5.44,1,1,7.83,2,Average
54.46,51.15,55.36,73.31,9.94,4.02,2,2,6.12,0,Average
55.07,66.68,61.48,77.33,7.15,4.47,0,0,7.49,2,Average
20.75,33.65,30.61,20.55,1.69,1.38,6,2,5.24,1,At Risk
65.62,65.66,58.85,74.79,10.01,4.03,2,1,6.11,0,Average
83.62,81.95,86.92,91.1,18.85,9.29,0,0,7.37,4,Excellent
77.22,72.21,76.83,81.22,12.76,6.31,0,0,6.06,4,Good
52.35,46.2,49.64,62.08,5.51,3.42,2,1,5.15,2,Needs Improvement
58.24,55.76,55.07,76.08,11.88,4.99,2,1,6.95,2,Average
67.5,61.56,62.65,75.2,8.72,6.63,2,2,7.18,1,Average
35.81,41.42,45.28,53.22,7.23,3.02,4,3,6.87,0,Needs Improvement
44.6,42.01,54.07,67.16,6.74,3.07,4,2,6.54,2,Needs Improvement
31.77,24.62,21.58,24.49,3.45,1.3,7,2,5.7,1,At Risk
29.71,18.0,38.57,52.1,0.75,3.99,4,5,4.06,0,At Risk
56.5,55.44,67.04,66.9,7.23,4.16,1,2,7.89,3,Average
51.31,54.5,46.88,59.38,3.04,5.77,4,2,5.02,1,Needs Improvement
35.53,15.46,17.42,47.92,2.03,3.64,8,4,4.67,0,At Risk
51.12,56.99,71.93,68.87,11.06,4.53,0,1,7.96,1,Average
59.61,56.47,59.45,72.69,9.49,4.3,2,1,7.52,2,Average
74.85,75.42,86.26,85.49,10.06,6.91,1,1,6.84,3,Good
41.02,46.34,41.27,58.69,5.11,4.45,1,2,5.5,0,Needs Improvement
54.55,55.11,41.75,64.56,5.22,5.98,4,2,5.33,2,Needs Improvement
38.29,23.34,36.65,23.58,0.89,2.29,7,5,3.31,0,At Risk
54.95,60.02,65.06,76.03,7.88,6.04,2,1,6.09,2,Average
12.25,10.08,25.77,40.78,1.81,1.69,8,4,5.11,1,At Risk
38.82,29.07,39.0,44.76,2.46,3.2,8,4,4.85,1,At Risk
96.26,91.5,95.41,99.59,17.38,9.31,0,0,8.51,5,Excellent
58.34,65.34,56.54,77.11,8.52,6.11,2,0,6.43,2,Average
35.4,41.01,42.09,56.84,7.44,3.48,1,3,6.88,0,Needs Improvement
57.12,62.09,60.1,69.74,10.76,4.22,1,2,8.0,0,Average
44.18,42.63,41.75,51.09,6.97,4.67,2,2,5.82,1,Needs Improvement
72.41,79.35,84.06,89.0,13.24,6.01,1,0,7.13,3,Good
53.98,67.23,63.13,71.82,11.94,5.12,2,2,7.83,1,Average
70.38,77.17,84.02,84.83,13.79,6.35,0,0,6.9,2,Good
59.03,57.4,64.28,70.5,11.89,5.7,2,1,6.23,3,Average
68.02,71.77,75.74,88.29,13.8,7.94,0,1,6.75,4,Good
42.34,48.39,44.66,66.22,3.46,4.2,2,3,5.15,1,Needs Improvement
52.14,58.95,66.11,66.54,9.06,5.67,0,0,7.58,2,Average
14.45,29.6,11.29,49.88,3.5,3.51,5,4,5.76,0,At Risk
67.34,58.19,61.87,65.07,7.88,5.52,2,0,7.01,2,Average
20.31,26.24,43.97,40.64,2.99,3.52,7,5,5.9,1,At Risk
64.15,52.87,64.23,71.05,8.75,6.65,2,1,6.66,2,Average
67.97,58.61,61.41,79.35,9.3,5.6,2,1,7.35,2,Average
49.71,46.48,47.74,61.23,4.31,3.78,4,1,6.99,1,Needs Improvement
69.89,74.75,79.78,90.54,12.37,6.69,0,1,6.08,1,Good
11.91,36.36,29.2,20.92,2.29,3.29,3,2,3.79,0,At Risk
48.56,48.64,50.54,56.17,4.1,5.95,1,1,5.41,0,Needs Improvement
50.42,40.72,50.0,63.72,4.69,5.91,1,1,5.71,0,Needs Improvement
53.01,35.07,57.17,52.89,3.65,3.75,2,1,6.32,0,Needs Improvement
43.92,55.62,42.98,62.81,7.66,4.99,3,1,6.4,1,Needs Improvement
51.67,35.52,40.86,61.47,3.81,4.89,1,3,5.29,0,Needs Improvement
37.88,14.74,25.98,54.71,2.43,3.99,4,4,3.48,1,At Risk
70.51,81.59,80.37,79.92,15.02,7.59,0,0,6.67,1,Good
54.07,47.51,55.73,60.15,3.1,5.62,1,3,5.77,1,Needs Improvement
46.19,45.66,40.54,50.05,4.31,5.87,4,1,6.31,1,Needs Improvement
52.16,66.03,59.19,73.92,10.1,5.26,2,2,7.05,2,Average
46.96,42.46,47.7,55.84,4.94,3.25,2,3,6.04,2,Needs Improvement
14.32,36.13,43.95,22.62,4.02,1.8,7,5,4.95,1,At Risk
36.48,45.62,40.75,57.37,4.44,4.93,1,3,6.19,1,Needs Improvement
76.0,75.35,75.37,79.51,10.38,7.98,1,1,6.52,3,Good
13.2,37.61,33.65,43.22,3.26,3.29,7,2,5.54,1,At Risk
48.88,38.98,53.39,64.79,6.56,5.51,1,3,6.19,1,Needs Improvement
38.43,23.8,34.14,32.66,2.47,1.32,6,5,4.57,1,At Risk
